ID,Name,Salary,Balance,RegistrationDate
2a309377-9524-4a6f-a0cc-0da94342a420,Grace Harris,1773.0,939.52,2023-05-27 08:49:33
f08c21af-ad54-42c6-985c-9ac731f27055,Bob White,989.53,1741.58,2023-07-23 20:26:33
b93c07a1-04db-4a7e-95c2-e772846de910,Megan Brown,1992.92,2732.21,2020-08-09 15:41:33
6202c0bc-7e98-4234-ac9e-b0e6891904ca,Olivia Martinez,378.7,3251.12,2016-10-25 06:59:33
7c9fdc1e-d456-4ce3-b5e8-bc8f0517a668,Eleanor Garcia,1190.51,4483.36,2020-12-08 04:33:33
61338b0e-8725-48e9-b27c-bc7077e6505b,Liam Johnson,1639.15,995.4,2015-05-31 04:45:33
07473735-2560-4e0a-add6-52d791e3094f,Sam Jackson,1916.49,3490.15,2014-10-11 23:05:33
6921dc15-2ea4-4a85-a659-a805f35d3b3a,Xavier Zhang,370.9,2281.58,2014-01-14 09:42:33
1b1648d9-f9be-4b66-a3bc-1717ab4e4018,Kate Liu,362.42,1262.6,2014-07-24 07:27:33
18af3a94-9294-4aab-92bd-09c97f02cf21,Kylie Wu,1762.22,4581.74,2014-02-20 04:46:33
ce0e8a60-5132-42ef-94bc-60e000977672,Rachel Davis,906.67,1986.72,2022-12-16 06:43:33
43ed0c65-d641-4e72-ad79-4dbedc722ed2,Benjamin Davis,730.64,1093.45,2023-06-17 06:01:33
53c053e6-90b7-426b-8492-502abfb0cf74,Amelia Huang,408.58,1454.43,2017-08-25 22:08:33
9948d6a4-190f-4bab-97d3-5a106b6a9982,Charlie Clark,1086.54,3023.75,2019-11-01 20:39:33
de2e91a1-9ebf-4d96-9598-16bd1a3242eb,Jack Moore,1053.47,1617.13,2017-09-07 11:11:33
01422ef7-c229-4f99-8525-db19f3183bdb,Alice Rodriguez,1246.78,3946.35,2016-11-16 19:13:33
a23d496d-2325-41e5-b8f4-347135e67b85,Henry Martinez,841.44,4608.3,2022-03-26 03:21:33
0766d03d-26fd-4bc0-8352-3a0471a4367e,Jason Jones,1716.83,1523.15,2020-10-22 08:57:33
381dba66-f9af-4d03-a832-e356ece845be,Yvonne Wilson,904.42,2456.7,2019-08-28 12:24:33
0f1f82ff-3738-4026-980e-02b33db299a1,David Lewis,632.95,445.0,2022-09-26 01:57:33
cd2742eb-b915-46f7-bb2e-9432860d1114,Ivy Taylor,851.68,1079.46,2015-05-26 09:52:33
322514d5-a1cf-4469-84f3-7922a8a5705b,Giselle Hall,430.17,2843.57,2016-03-16 20:21:33
97747cca-e91f-4a45-a948-0ab217732e39,Leonard Anderson,453.24,4160.07,2022-08-16 13:59:33
a974a0c0-5bfd-408d-ace2-2d5d9542497d,Isabella Walker,377.18,1133.22,2015-10-23 22:18:33
45511806-94a1-407c-a92d-f96cfef14360,Nathan King,1093.44,1975.27,2019-02-02 10:01:33
6ddd570d-a411-414b-b764-1fdb18d95064,Vincent Smith,368.58,835.66,2022-10-31 11:10:33
72e6de13-3066-4b6d-a48d-9ae899d6906f,Felix Yang,1771.56,1184.46,2021-12-19 07:27:33
7731a360-8fb6-47ee-87f8-53e9abea96f9,Mia Zhao,1141.84,4398.8,2022-07-20 16:20:33
fe46148c-f29b-4110-bed4-e853eec8c787,Eva Li,718.65,4318.6,2023-03-21 11:28:33
51d3af98-3f63-45eb-9c4b-8b73cfdabd44,Quinn Martin,1561.75,1876.93,2021-12-18 13:33:33
11d4d947-922e-4b25-92c6-67abeb01deb3,Daniel Adams,686.27,3657.52,2020-11-30 03:46:33
1f5d5009-319b-42b0-9936-04f2195a1402,Wendy Miller,489.53,2947.49,2014-09-22 03:17:33
4c59fb1c-0ddd-4f01-bca5-a051992a8cbf,Noah Thomas,424.47,3059.26,2020-05-09 23:52:33
8c1e4a31-2202-43b9-827a-6a818fd99a22,Paul Chen,1914.17,2129.46,2020-05-31 17:06:33
4206b857-e416-4b18-b9dd-3adf94dd0262,Ursula Wang,870.82,3384.25,2023-04-07 14:25:33
ab9a849f-9468-44b8-82b9-701aa8048bbf,Harrison Taylor,1125.1,2052.39,2021-02-07 23:28:33
3ff89fbc-b3bc-43ed-84a9-df3283c0d194,Catherine Zhou,1156.86,1801.34,2019-09-23 16:38:33
9a9badda-3f0b-44fa-9e37-4a1e9b51bffe,Frank Williams,1032.14,3419.03,2019-11-19 19:47:33
bedd79ea-8f12-4239-bd29-915d76adf654,Zachary Lee,523.91,4097.01,2023-08-20 04:56:33
e807d20d-e4f6-4c8f-bb79-530d86f0c266,Tyler Baker,917.99,3882.78,2017-12-16 19:09:33
4a486ca4-6f6e-4bd3-b4bb-f7280b41b3f1,Grace Harris,1010.31,2581.71,2015-03-01 17:01:33
8491f461-53bf-448e-a78a-a42ce5273a80,Bob White,744.53,1785.26,2019-03-09 05:07:33
795ee88b-2239-42c5-a2b2-7b03479c868a,Megan Brown,1379.33,399.97,2019-08-06 11:38:33
d3d6c9e1-1d9d-4385-828c-94c8cd03dc03,Olivia Martinez,595.72,852.83,2021-04-07 13:34:33
3df7645a-55df-4cd8-8723-a95095592f44,Eleanor Garcia,1607.43,1768.84,2021-08-18 23:57:33
241f01ba-d99e-4b6b-a2c0-ac14069e4430,Liam Johnson,786.42,2835.79,2015-07-16 01:36:33
b1bd7ca1-9570-48c8-8e2c-db8c100f19d5,Sam Jackson,488.95,4970.27,2018-01-16 04:25:33
d7583dab-c11f-4739-a6ec-1d4a4ac89eaf,Xavier Zhang,1218.46,2060.71,2023-09-16 08:34:33
2ca556c3-80ca-4727-ac44-d3d3c6e6f3a4,Kate Liu,624.02,4079.36,2019-03-11 15:41:33
5d1a39c0-1bf8-48ae-8170-64ea25279fb0,Kylie Wu,695.39,1965.93,2020-04-17 11:37:33
6810fa87-8ed7-49dd-a72e-08fd019cd32e,Rachel Davis,1535.19,4791.33,2020-08-15 00:49:33
aaac700a-04c1-4a1b-8686-b5e4a9b79584,Benjamin Davis,547.32,2802.59,2022-01-31 03:37:33
d7bc49a6-0ac2-4fd4-9456-873dc032eb14,Amelia Huang,795.46,4047.23,2020-03-17 20:06:33
53ff1603-3aff-4185-a4db-ac5ede4bcfb4,Charlie Clark,1346.51,4712.69,2016-05-31 20:38:33
f562bddc-1ab9-447e-a6f0-f9dd834c3ad0,Jack Moore,346.04,2199.17,2018-07-25 01:50:33
58d6b62c-3526-402b-b5d0-07ad72a63705,Alice Rodriguez,349.27,2566.57,2013-12-19 16:16:33
d8ba576d-54ba-4428-87b3-6143fc687895,Henry Martinez,1841.4,3412.55,2019-02-04 06:27:33
af1be392-86b1-4201-bc46-00d26f2e6644,Jason Jones,1429.6,3323.71,2014-05-16 18:30:33
f752fbf9-fe81-4abd-9fb9-f744a7a1a194,Yvonne Wilson,302.16,283.99,2016-03-30 15:00:33
ccf51744-a18d-4f75-9c3a-7a94d9770606,David Lewis,1258.53,4715.28,2018-02-20 05:14:33
120dd7de-52e6-4611-8049-827bdade26b2,Ivy Taylor,650.83,4012.28,2019-07-14 18:15:33
06469482-b7f8-4992-b281-f3cf194ddf05,Giselle Hall,1346.05,625.94,2015-05-25 04:50:33
83a02b84-cad9-40ca-95ca-c244b339b51c,Leonard Anderson,1401.31,236.48,2018-03-22 04:28:33
3b9f87fd-ba18-49d6-8f72-648c7e20a593,Isabella Walker,985.33,4938.13,2022-06-13 09:15:33
97d584e6-d370-4262-958e-55de9865256e,Nathan King,1462.51,426.44,2019-11-05 10:38:33
1d97c9f0-011d-47b5-aa87-917eb0272fa4,Vincent Smith,1309.35,3626.81,2018-12-15 07:13:33
fa2b1b13-87a0-4b4d-ada9-665f7c8e8b44,Felix Yang,1236.79,4680.35,2019-09-22 04:08:33
6176e31f-5dc4-4147-b101-f3c1b7a58afe,Mia Zhao,775.51,1025.73,2017-10-06 01:49:33
55f5aae9-b78e-4ad9-b0cb-ddc7c42fdf7d,Eva Li,462.07,290.32,2015-06-13 21:22:33
556d59b7-c2de-4cea-9a81-e38c51c8aa7a,Quinn Martin,1678.78,4358.34,2021-03-10 20:45:33
e56d083b-3f76-47df-b01b-a6a310cdb221,Daniel Adams,1520.73,3066.31,2018-08-29 19:07:33
aee4d1e5-9e63-4cda-8061-3c52710f8f4c,Wendy Miller,314.84,2493.68,2022-04-28 04:26:33
c995731e-c0b2-45e0-af2d-463fef480837,Noah Thomas,660.32,4916.09,2017-09-28 18:54:33
cf1f9820-95c2-4664-909a-9b3727097db1,Paul Chen,580.11,645.0,2016-04-15 08:09:33
321adb73-08f3-4647-8bed-d9bb3cf17fcd,Ursula Wang,1913.26,3799.73,2015-04-12 11:19:33
5fabde8a-9097-49de-86f0-84f20de8ca6f,Harrison Taylor,876.86,2812.63,2022-11-01 22:57:33
cf1a26ca-06ae-44d3-9752-8135480e1502,Catherine Zhou,1735.89,1588.85,2019-06-26 16:55:33
d7c2cb34-3d07-4756-8bbf-0da6595982fe,Frank Williams,519.99,3592.47,2021-07-26 00:08:33
c0b58432-78ad-480a-977c-7411f48f2581,Zachary Lee,1185.62,280.96,2019-05-22 09:57:33
e101051e-a24b-4d80-b6b3-e289b426370c,Tyler Baker,1280.17,2264.34,2021-11-03 09:11:33
687c3bd4-931f-47a7-82bb-cdfa98d0d89f,Grace Harris,1026.84,1631.51,2020-06-18 22:51:33
6cdf750a-78bf-451c-b38b-57013dc7a353,Bob White,1499.83,922.1,2015-04-29 14:54:33
049a1900-37a1-4f47-8347-23513cddc32a,Megan Brown,1297.53,4911.53,2014-11-13 12:51:33
ad8c8dfd-8a50-414b-9333-5f7de54ec994,Olivia Martinez,522.79,1811.87,2017-12-10 02:16:33
e18857b1-327a-4302-9a6d-018f0d5c2faa,Eleanor Garcia,388.6,118.92,2023-03-03 14:10:33
b3d4158a-d0c1-4015-aa05-ddc59098fa3a,Liam Johnson,1177.9,4903.2,2021-01-06 02:55:33
46eb32c9-6faa-422b-8b2c-e2aac29aee5c,Sam Jackson,1606.28,2996.77,2016-04-14 08:47:33
dae95bf9-87f7-4053-a892-b4a5a78268f2,Xavier Zhang,1084.49,2049.65,2015-08-22 01:53:33
af6a1180-6fd2-4083-87b6-533664eb6131,Kate Liu,889.68,500.01,2018-12-28 13:36:33
6e9c3ebd-53ad-498c-bc3f-a55c17451b18,Kylie Wu,653.68,1192.64,2016-03-14 06:04:33
366350a5-3fff-4957-9918-bd6719986e91,Rachel Davis,835.85,2610.47,2018-03-13 10:06:33
5df037a6-eea5-44fb-87e7-e3afda68f7bc,Benjamin Davis,425.21,4999.38,2023-10-03 03:37:33
6bce8d1f-b879-4037-b089-c9f92502cd81,Amelia Huang,1601.4,4026.84,2017-07-20 00:32:33
792fb857-c1f2-470e-a1f4-3e9fd4ca6c1a,Charlie Clark,566.11,983.2,2018-09-02 11:15:33
97def384-aa06-4727-b349-846cb1a200b5,Jack Moore,1682.88,1924.22,2020-03-26 23:54:33
06720381-c438-41db-8a23-33446f45996f,Alice Rodriguez,1666.5,2658.87,2015-04-15 19:14:33
c3ea9b04-a71a-40ca-bc33-d11e4f10698a,Henry Martinez,976.27,689.23,2017-06-19 03:47:33
1562d4f1-1823-4247-aeae-01d6db7a77be,Jason Jones,936.03,2703.77,2015-07-16 15:15:33
909e36ef-844c-4a82-9c65-d91025a51797,Yvonne Wilson,1731.04,2842.04,2022-05-07 05:46:33
574ca4e7-605a-4748-b182-058683f136ef,David Lewis,1044.26,2474.58,2020-03-12 20:51:33
0ead3b9b-6012-45ee-b173-86afea5e6105,Ivy Taylor,827.7,1052.11,2022-01-05 06:54:33
26ec0248-b0eb-4c42-ad07-80443cfa1258,Giselle Hall,430.9,2314.95,2022-10-05 16:53:33
9dcd2f46-eee2-4222-b0c7-e01187a27e7b,Leonard Anderson,1060.97,2755.56,2020-08-15 14:25:33
beaa1d0d-841a-4041-b42b-a5b9b7f9a663,Isabella Walker,442.33,931.34,2022-09-04 21:46:33
fa2e9648-c3da-4b3a-91e9-dbb981e19404,Nathan King,826.23,632.75,2019-06-17 12:12:33
47efab75-8998-40e0-b4af-eca97f3432c5,Vincent Smith,854.27,3741.86,2015-01-15 15:10:33
d55bfebe-e273-4f9d-beda-18ec3772918f,Felix Yang,1049.6,1584.65,2023-03-10 04:11:33
6ba20a46-91da-4b34-b84f-5084c109e0d3,Mia Zhao,1438.95,2234.44,2021-09-01 08:33:33
903fa198-1c07-48b9-b2c2-8c50347a0dd6,Eva Li,1717.81,359.35,2015-02-23 22:32:33
dc448d04-b13a-47f8-a8b2-5d68e5952c5c,Quinn Martin,1641.35,2967.32,2020-03-10 07:55:33
f4081036-622a-46d1-ac20-11add60c1cbf,Daniel Adams,1254.56,1927.66,2014-07-08 00:18:33
91853026-20cf-4fee-8d3d-261ad63ca769,Wendy Miller,563.1,2295.04,2022-05-25 11:02:33
9c92c365-33bc-4f24-93ac-952a5ce1c78b,Noah Thomas,1080.97,1147.77,2021-06-03 09:44:33
5a9ba798-ab29-4014-8755-218b1d448d66,Paul Chen,896.71,1574.92,2014-08-03 09:30:33
8b10587a-7e06-4fb9-b8a1-73267aa7eacf,Ursula Wang,378.89,961.86,2019-04-11 11:33:33
518b87fd-4a80-46de-8c82-e14b1a52a7bc,Harrison Taylor,1843.51,4844.35,2018-07-06 20:04:33
70771f08-cd27-4c53-bad8-1b2c59750e8d,Catherine Zhou,1595.98,2885.26,2014-03-26 05:03:33
bf18d487-38dc-4269-a59b-2916cd2540e7,Frank Williams,1902.61,391.83,2014-01-10 01:19:33
c3f5ed2a-52a5-4c07-bdd8-fd9168acd383,Zachary Lee,1603.33,852.11,2015-06-27 00:58:33
3581c5fd-79bd-4d91-8188-4b99c476f4eb,Tyler Baker,917.1,4522.63,2014-09-24 15:54:33
c73e405a-a3f8-4914-8efc-aa56d3912f29,Grace Harris,1273.84,4674.67,2019-10-25 17:47:33
a1f452e7-4752-49d9-9b5e-5034ed90d74d,Bob White,1235.47,3303.17,2019-07-14 01:40:33
fa860212-09ef-41dc-8304-82b8fb53f281,Megan Brown,1802.21,4439.92,2016-03-28 18:53:33
a116c868-cd9b-4feb-ac1e-ed0e8f0b86d4,Olivia Martinez,1047.18,2555.87,2017-09-16 12:51:33
9dbf0922-c1da-448e-b6c6-91ef28c8f2fc,Eleanor Garcia,1929.14,2842.63,2021-12-31 12:21:33
c38933e9-652b-43d2-983c-83ff6d488033,Liam Johnson,1870.94,4696.06,2022-09-13 12:29:33
d2332969-b396-4811-b859-2b92e1689aec,Sam Jackson,853.04,795.93,2021-04-18 01:53:33
87cb3b49-1034-4cea-b190-b2f2f9877cf2,Xavier Zhang,1530.49,1283.82,2019-11-09 00:33:33
c7fa3445-8e59-478b-acdc-9d611110136f,Kate Liu,1163.89,2953.76,2019-10-06 00:58:33
ccf4c610-2d00-4c27-be4a-da0776f1cc27,Kylie Wu,1298.08,882.57,2016-11-01 01:15:33
0654c65b-a2b8-4759-97b5-cb5823f0fc43,Rachel Davis,729.4,1741.59,2018-05-21 00:21:33
ed6a62c0-c620-4ae7-9e81-b77630ab4e38,Benjamin Davis,1130.6,1900.77,2022-12-25 19:53:33
0238d6fe-1a9e-4162-855f-b3c0b56f146d,Amelia Huang,1860.3,1655.2,2022-04-22 16:20:33
13303a8a-e22d-451c-8404-c33063685ebd,Charlie Clark,1840.59,2561.49,2016-02-08 09:31:33
c48b0042-9596-4a26-8b80-48de491ba981,Jack Moore,1262.84,3261.93,2016-03-17 00:58:33
52353a16-9805-46f4-9d01-b9a7b4efa134,Alice Rodriguez,434.69,4545.03,2017-12-13 05:00:33
1bcc3188-4038-4223-9e7b-0f26c5a9d488,Henry Martinez,1642.18,952.88,2021-07-06 09:58:33
84c1ad28-5dcf-40f4-adb9-07a0495194d5,Jason Jones,930.18,1042.08,2021-06-14 07:26:33
25b0d412-6e5c-479d-be3e-c5b34b625ae8,Yvonne Wilson,1175.88,744.04,2016-05-12 20:25:33
d905575a-2ffc-4980-ab9a-f8c4e8cd28d7,David Lewis,1854.34,4818.3,2017-09-05 00:48:33
f5ac1a9c-f161-4781-8267-68d6a084f45a,Ivy Taylor,1109.72,4363.06,2020-02-20 08:51:33
1281305c-5833-49fc-97c4-6e4e9fce4a9d,Giselle Hall,413.98,1298.23,2021-05-21 21:52:33
a180e6e0-17c5-4594-93bd-cdfdb37726c0,Leonard Anderson,1766.72,3614.16,2023-06-28 11:57:33
e4cb1032-dc51-4c33-a9b7-4f0beeb99503,Isabella Walker,1324.99,1004.88,2023-02-05 09:52:33
b1ef3a85-a327-4083-b467-08275cc6d114,Nathan King,1999.81,1146.26,2015-02-02 16:53:33
b6fd9675-a015-4277-8737-c16e56e9a968,Vincent Smith,1833.68,1028.59,2023-11-19 03:44:33
2ba51cba-a8bf-4f27-9017-72f9bfbc005e,Felix Yang,1264.67,4680.06,2015-01-08 08:02:33
e6e7f23a-8798-4005-a5c4-ee1821d079b0,Mia Zhao,1436.88,1793.96,2018-02-12 14:33:33
7af0c173-d27e-48b3-a765-2ff477325c9a,Eva Li,1894.52,2533.68,2014-11-06 17:47:33
629e7553-d0ca-4ba3-9802-ca50f1d45250,Quinn Martin,328.9,3811.99,2019-09-26 18:27:33
b9749310-99d4-4a88-9286-ee56ed929427,Daniel Adams,1633.61,1530.25,2018-01-01 21:45:33
d5dbad0a-1d62-457e-8017-507d6f8ee68b,Wendy Miller,1334.11,4228.6,2023-04-13 05:14:33
aef213b6-dd14-4119-8497-db0247926c43,Noah Thomas,1274.75,4748.92,2014-03-20 22:28:33
bdd726b1-d926-45e4-bfd5-8ef01e96416e,Paul Chen,683.27,1207.53,2023-03-12 21:06:33
26107c93-fa2f-4734-8548-68fdc7cb89f3,Ursula Wang,401.04,4673.7,2015-10-07 21:02:33
1e989bdb-eef4-4072-95a4-4cefb003a974,Harrison Taylor,1174.48,1972.93,2020-12-21 07:36:33
c5242684-2be1-4127-873c-2664a79d9bf7,Catherine Zhou,544.83,2220.52,2019-10-21 10:01:33
88c894cd-e7e4-47b8-b5c6-2708d98675e3,Frank Williams,1522.45,3831.22,2015-03-11 20:41:33
099ebfbe-688e-475d-a131-344c6463f903,Zachary Lee,1159.97,3934.42,2017-06-18 16:21:33
d1e49aeb-e78e-44e0-a57e-ffdfe2b7cdfa,Tyler Baker,505.37,2712.2,2019-01-09 18:59:33
c9869c3c-60e6-41d6-bf67-195e9378d10a,Grace Harris,333.54,4311.84,2017-04-21 12:24:33
88376cac-7c7b-4ebe-9421-5cb7e5176cde,Bob White,905.45,339.35,2015-02-15 12:40:33
311c5d2a-e347-46c6-abff-0a241938f789,Megan Brown,1086.16,1329.44,2020-08-13 15:33:33
deec71b9-210f-40c2-83a6-7b5d514c51f4,Olivia Martinez,300.39,4787.13,2018-03-21 07:05:33
e61ab5d9-4876-499d-a7b8-6ad4c493043d,Eleanor Garcia,571.24,743.1,2023-02-26 07:48:33
19975aa4-2890-4694-8569-1547240d58a2,Liam Johnson,324.56,4571.04,2016-02-02 14:10:33
60e845e1-be13-42f7-b854-08b770b754fd,Sam Jackson,582.0,4424.47,2019-12-20 19:32:33
0944a1b4-0600-4c23-9e98-511c4c798bbe,Xavier Zhang,963.26,377.08,2015-02-21 13:42:33
607c4f6b-cd7a-4004-915d-42b825facba5,Kate Liu,382.75,623.81,2023-10-14 23:08:33
5912c2a4-5886-4a09-9318-bdb7a3b6790f,Kylie Wu,1866.77,1849.67,2017-05-04 14:04:33
6943cc12-4df6-45c3-8048-a14faee45f2d,Rachel Davis,1500.54,3743.0,2016-08-05 21:16:33
23974c6b-144c-492a-b5ca-76da13a5f17c,Benjamin Davis,1363.74,4936.29,2022-08-10 15:15:33
338a9491-5d76-49dc-a2e7-c4dd956fffa4,Amelia Huang,1307.59,1111.6,2019-02-17 00:54:33
5a047b51-0d0e-4acc-ab35-dbe3225ddc10,Charlie Clark,1417.94,2535.52,2016-11-05 05:51:33
c86f52d2-df54-405a-a443-970bef5c5ed5,Jack Moore,521.02,2156.51,2022-04-16 15:31:33
87708ca3-3572-4229-b925-ab53bd71b7a8,Alice Rodriguez,1574.16,3118.16,2014-01-14 05:32:33
e2701dc3-0daa-4256-8af2-b12f69e142ff,Henry Martinez,382.99,4969.58,2016-09-26 22:37:33
8cd92152-bb5b-475e-a597-38fee87fcf93,Jason Jones,1666.89,3927.04,2014-12-28 07:12:33
76577fbe-960a-4ec6-bec3-3adfdeaf8aab,Yvonne Wilson,1667.38,2733.01,2015-02-11 07:36:33
12bfabb3-0459-4811-8eea-159096615a8b,David Lewis,735.92,2700.12,2021-03-12 17:51:33
0532c3eb-e8ef-448d-9edd-2daabc4f94d1,Ivy Taylor,1639.76,3232.99,2017-01-04 10:21:33
9c678614-a2da-4e66-8d40-6c1255bea92a,Giselle Hall,1031.25,489.63,2016-09-17 21:12:33
7dbbd127-3c93-495b-9e49-1733e9d3d9bb,Leonard Anderson,1798.04,554.69,2023-05-03 01:06:33
ae9bbcfe-80df-4ef9-be5c-5cab0ca60f44,Isabella Walker,1153.23,4620.34,2016-12-23 18:27:33
c96512b9-4df7-418d-a561-8e1c33851042,Nathan King,362.97,1964.56,2021-08-02 14:39:33
80ea6069-9c9f-4687-b325-a6c77a1d34e6,Vincent Smith,1011.8,352.38,2016-02-28 05:57:33
bcfde190-88e9-41de-99f3-43d4afe138fe,Felix Yang,599.49,1499.86,2017-02-12 23:15:33
6c031e90-2ef3-4f7f-bdcc-bd1a6b6b733e,Mia Zhao,807.03,3858.86,2016-01-14 06:46:33
a3745cfc-2f3d-43ab-a6ed-403d030aad06,Eva Li,1520.58,765.35,2022-04-09 10:12:33
baf8911e-be2a-4a87-a4be-b68408d5d0ad,Quinn Martin,598.85,4828.75,2021-12-13 01:46:33
17643cb5-0a66-4cb2-b0cc-ce2a1e2e18d3,Daniel Adams,1069.84,1372.68,2021-09-16 04:50:33
55998e05-fa4e-47a0-9464-f0a9f5c314c5,Wendy Miller,820.74,4447.97,2023-01-17 13:04:33
8438fb56-956e-40bf-b5f3-831bbcf3d6f0,Noah Thomas,704.12,2657.02,2018-08-08 03:10:33
f250cf8d-937e-46b1-afcd-62d8314286f8,Paul Chen,1965.29,3915.1,2018-01-29 20:09:33
97f30336-83ef-4127-bf77-e5e1d19e1db4,Ursula Wang,1628.45,4567.69,2017-07-26 12:53:33
f8201668-def5-4f11-89b6-da0d7ea4c843,Harrison Taylor,800.44,2016.78,2014-11-22 02:53:33
7e23bd87-dbc7-4945-b005-61a8028a1272,Catherine Zhou,486.44,1751.61,2023-05-07 05:26:33
e45e5d2e-744e-4da9-8c50-f33b0370782a,Frank Williams,928.7,3208.57,2016-05-04 06:58:33
7dab718b-b832-44e6-9dab-b6d0f30fecfc,Zachary Lee,338.37,1353.12,2016-10-26 05:45:33
e54f64f1-e58c-434e-afcb-f18dd98ea0e1,Tyler Baker,604.97,4341.13,2017-06-29 20:43:33
8d83c8e5-9d19-44c5-9816-874396205a25,Grace Harris,658.07,160.49,2015-08-13 07:23:33
a9669816-beb0-4d40-9f15-03e8e3b6bfe2,Bob White,357.48,4803.45,2020-06-28 09:41:33
fa3c48da-a411-412f-95e0-b849a95ff07e,Megan Brown,1173.81,2625.09,2019-10-20 04:04:33
73e7fdad-9367-4691-85ca-056686cdfcd3,Olivia Martinez,317.4,1220.26,2020-08-10 14:58:33
4e71aa4f-bf5f-4a99-9a3e-76066db62808,Eleanor Garcia,492.1,1577.29,2014-05-10 17:53:33
857a8c84-aeb8-4ece-a02f-c11849806949,Liam Johnson,427.94,191.4,2021-02-26 12:56:33
b8388b3a-5537-4930-bcd0-9c938a7a691c,Sam Jackson,1496.51,747.86,2018-10-21 16:20:33
e2597ad5-7896-45d0-9d44-77caed177303,Xavier Zhang,418.39,4827.26,2022-04-28 16:08:33
035a4c5c-5b80-46c9-bd04-6840d717c973,Kate Liu,1886.29,2047.32,2019-12-03 06:04:33
b2aa2c09-930d-4490-89b4-26007dedf432,Kylie Wu,930.44,1561.73,2022-02-22 19:10:33
f02cafc7-c639-4669-a3d5-b841e74284e9,Rachel Davis,1212.15,701.59,2014-02-28 16:36:33
a06fa5fa-fd6c-402c-8e2c-ba53ee77f756,Benjamin Davis,1308.1,3292.69,2021-03-23 07:15:33
a73ac0e9-dfa8-461b-92f5-2bd67d4ea76b,Amelia Huang,736.38,4406.18,2017-06-01 02:09:33
46466ad7-e612-468f-a9cf-a3e0e16985e6,Charlie Clark,777.66,732.78,2015-12-23 01:37:33
08022312-0cd8-4d00-bcfd-e9c003c629de,Jack Moore,820.12,1180.49,2016-06-23 02:17:33
7136d6c8-5570-47f8-a9e6-6fd6331c606d,Alice Rodriguez,1312.45,966.63,2022-08-25 17:28:33
e73dc23e-fa9c-4742-a72f-49ef43960ec9,Henry Martinez,940.55,4422.93,2022-03-28 10:06:33
e074751b-c5a7-49ac-bb69-59a18acc4f86,Jason Jones,918.34,2667.38,2018-03-25 23:40:33
756b215f-fb4d-44b5-9759-764dfa3cfa04,Yvonne Wilson,607.42,3898.04,2021-05-02 19:06:33
845616f1-4751-4216-9886-9fecb262c5f1,David Lewis,359.34,765.6,2022-04-18 21:52:33
c0222540-ed69-4a7e-9463-3f94ac9f2a01,Ivy Taylor,1796.11,3368.38,2018-03-11 06:56:33
8cb2f98e-b1ed-4e68-bd89-2eeb10c81343,Giselle Hall,1222.05,1557.85,2019-03-27 17:09:33
0aae53b3-11c2-438a-83dd-4333270834f5,Leonard Anderson,1145.03,4189.36,2015-12-03 18:25:33
90ecb53b-50f5-489a-94a8-414a9a111755,Isabella Walker,1392.35,1362.51,2023-05-17 20:30:33
9af14d8a-717b-4efa-ba1e-511055b5d042,Nathan King,532.96,1043.05,2019-10-29 13:11:33
57b358b7-90e4-4031-9813-4d56b57f8f27,Vincent Smith,1827.49,835.34,2015-08-24 05:51:33
a22f960d-9ad5-4330-a13c-331e30d11c89,Felix Yang,1169.77,4919.79,2020-02-23 14:05:33
2673ff09-2b6f-4a16-8012-07bb3a015266,Mia Zhao,749.33,3758.96,2020-08-16 11:11:33
05a3d69b-5e7d-402b-aebd-fa27d9575b24,Eva Li,1506.8,2946.71,2021-11-24 01:46:33
f669a5cb-65cc-4f93-b086-7d48da53f4ea,Quinn Martin,445.91,3530.04,2023-06-24 05:49:33
729def18-500b-451f-b897-9834c2304293,Daniel Adams,638.68,3059.51,2022-11-03 14:09:33
00822ade-738b-4100-b0b6-c54daff016c5,Wendy Miller,1302.4,4326.83,2013-12-22 06:23:33
44f29cd6-3911-4a33-b166-16a63a97a80c,Noah Thomas,1965.5,654.28,2022-08-13 20:55:33
81d63a9c-41f9-4f34-b239-5ab67e993e96,Paul Chen,990.01,4739.75,2015-09-20 19:42:33
0e31047d-48e7-40fd-aad7-1d59e8b18010,Ursula Wang,1314.85,4420.44,2015-06-19 05:06:33
07cef217-78ce-4382-9241-bb32bb171c61,Harrison Taylor,451.31,4739.85,2015-11-12 09:23:33
539d7176-8fed-4c36-b042-a6a62f292774,Catherine Zhou,900.07,513.71,2017-02-02 17:29:33
cce7c000-3c3e-4206-a1f3-6a85026f7ca0,Frank Williams,1348.94,3958.12,2014-05-21 08:32:33
4eb00a78-d66f-4b19-a3d7-6c7b46da326f,Zachary Lee,629.07,1254.44,2018-06-25 10:10:33
f8658cb5-6cf4-4e5f-996e-73dd9ca6cacf,Tyler Baker,1558.54,1784.51,2021-11-10 21:18:33
73b23c96-a69f-4190-9f37-78d3f43b2fb5,Grace Harris,377.23,162.11,2021-03-17 18:20:33
90afc1df-64d1-405c-8008-0181dc4c2534,Bob White,948.39,1726.11,2023-05-29 21:51:33
07530262-5cf7-4527-a76a-6d262267d9cc,Megan Brown,1470.91,3588.18,2015-09-28 05:55:33
4bd2dc50-5c8c-4e2f-8c4e-03510dbaa94d,Olivia Martinez,912.04,716.62,2017-08-25 11:50:33
b081c878-85e6-4978-8239-7e15dec79179,Eleanor Garcia,359.58,3307.23,2021-04-29 09:27:33
d582fe28-15d9-4d36-9623-c57bd5c61c7d,Liam Johnson,917.27,401.39,2023-01-25 11:58:33
a5f72f87-3f57-4d21-99df-3cfe2297c190,Sam Jackson,1666.33,3765.7,2016-11-15 21:39:33
5b8f80b8-dcc6-4ba4-b619-f26903981649,Xavier Zhang,1747.37,3104.97,2016-07-18 23:59:33
6073f09b-9b02-43ec-99db-b2a59253e959,Kate Liu,1069.18,2940.34,2019-05-20 16:07:33
31eca755-4d19-4849-80a2-fe671e22ab72,Kylie Wu,1689.82,568.56,2020-07-28 01:22:33
